DYS710,DYS518,DYS644,DYS612,DYS626,DYS504,DYS481,DYS447,DYS449,n
33,35,23,28,26,13,26,25,25,1
33,37,21,29,28,13,23,27,25,1
31,35,22,28,28,13,28,26,26,1
34,38,21,28,27,13,23,27,26,1
34,34,26,21,25,14,25,22,27,1
33,39,21,27,27,13,25,23,27,1
35,40,25,21,25,14,25,23,27,1
33,36,26,21,25,14,25,23,27,1
36,36,26,21,25,14,25,23,27,1
35,37,26,21,25,14,25,23,27,1
33,39,26,21,26,15,25,23,27,1
36,39,25,21,25,13,27,23,27,1
30,38,25,21,26,14,27,23,27,1
28,35,23,32,29,15,27,23,27,1
33,34,22,27,27,13,26,24,27,1
30,34,22,27,27,13,27,24,27,1
30,34,22,28,27,13,27,24,27,1
30,35,24,30,25,15,27,24,27,1
30,34,24,29,27,15,27,24,27,1
32,34,22,27,26,13,28,24,27,1
32,36,22,27,26,13,28,24,27,1
33,33,22,27,26,13,26,25,27,1
34,32,22,28,26,13,26,25,27,1
32,34,22,28,26,13,26,25,27,1
33,34,22,28,26,13,27,25,27,1
33,36,22,29,26,13,27,25,27,1
33,35,22,27,26,14,27,25,27,1
32,34,22,28,26,14,27,25,27,1
34,35,22,27,29,12,28,25,27,1
32,34,22,27,25,13,28,25,27,1
33,35,22,27,25,13,28,25,27,1
32,34,22,27,26,13,28,25,27,1
33,35,21,28,26,13,28,25,27,1
32,34,22,29,26,13,28,25,27,1
30,35,22,27,27,13,28,25,27,1
31,35,22,28,27,13,28,25,27,1
33,33,22,27,26,13,29,25,27,1
32,34,22,28,26,13,29,25,27,1
33,35,22,30,27,13,29,25,27,1
33,35,22,30,26,13,30,25,27,1
33,36,22,29,26,13,26,26,27,1
35,35,22,27,28,14,27,26,27,1
33,37,21,27,27,13,28,26,27,1
33,34,21,31,27,13,25,23,28,1
33,33,22,30,27,13,27,24,28,1
32,35,22,31,25,12,26,25,28,1
33,34,22,28,25,13,26,25,28,1
33,34,22,27,26,13,26,25,28,1
33,35,22,28,26,13,26,25,28,1
33,36,22,29,28,12,27,25,28,1
35,33,22,28,27,13,27,25,28,1
33,34,22,28,27,13,27,25,28,1
33,35,22,28,28,13,27,25,28,1
33,35,22,28,25,13,28,25,28,1
34,34,22,28,27,13,28,25,28,1
34,35,22,28,27,13,28,25,28,1
35,33,23,28,27,13,28,25,28,1
33,34,22,29,26,13,29,25,28,1
34,35,22,30,26,13,31,25,28,1
31,33,22,26,26,13,24,26,28,1
31,35,23,27,28,13,27,26,28,1
32,35,21,27,28,13,28,26,28,1
32,32,22,24,25,13,29,26,28,1
31,33,22,25,26,13,29,26,28,1
33,33,22,28,28,13,28,27,28,1
36,38,25,21,25,14,25,23,29,1
32,31,23,31,30,18,26,24,29,1
31,36,23,28,29,12,26,25,29,1
31,34,22,28,28,13,28,25,29,1
33,34,23,28,28,13,28,25,29,1
33,36,22,29,25,13,29,25,29,1
33,34,22,29,28,13,29,25,29,1
32,34,22,30,27,13,30,25,29,1
33,34,23,28,28,13,30,25,29,1
33,34,22,29,28,13,30,25,29,1
33,35,22,29,28,13,31,25,29,1
33,34,22,28,27,13,27,26,29,1
32,36,23,27,27,11,28,26,29,1
29,35,23,29,27,13,28,26,29,1
31,32,22,25,25,13,30,26,29,1
33,37,22,27,27,12,23,25,30,1
32,36,22,26,29,12,23,25,30,1
33,35,22,28,28,13,28,25,30,1
31,34,22,31,27,13,29,25,30,1
33,38,21,29,29,13,25,26,30,1
33,35,22,28,31,14,25,26,30,1
33,39,21,29,27,13,26,26,30,1
36,36,21,29,29,13,26,26,30,1
36,36,21,30,29,13,26,26,30,1
33,35,21,29,28,14,26,26,30,1
33,36,21,29,27,13,24,27,30,1
33,39,21,29,28,14,24,27,30,1
30,37,21,28,28,13,25,27,30,1
33,34,24,29,22,16,25,27,30,1
33,34,24,30,22,16,25,27,30,1
36,35,21,30,28,13,27,27,30,1
32,37,21,30,28,14,25,28,30,1
34,35,24,30,22,17,25,28,30,1
31,31,24,27,27,13,27,23,31,1
31,31,24,27,27,13,28,23,31,1
32,35,21,34,29,14,27,24,31,1
34,35,22,27,26,13,25,25,31,1
30,36,22,28,27,13,25,25,31,1
30,35,22,27,27,13,26,25,31,1
32,36,21,31,28,13,26,25,31,1
30,35,22,29,27,13,27,25,31,1
32,34,22,27,26,13,28,25,31,1
30,35,22,27,27,13,28,25,31,1
34,36,22,26,27,13,29,25,31,1
43,32,24,28,24,14,29,25,31,1
31,35,16,29,24,13,30,25,31,1
33,36,23,30,30,12,24,26,31,1
32,36,21,32,30,12,25,26,31,1
33,38,21,30,28,13,25,26,31,1
33,37,21,29,29,13,25,26,31,1
31,35,21,32,31,13,25,26,31,1
34,37,21,29,27,13,26,26,31,1
32,38,21,28,28,13,26,26,31,1
33,38,21,29,28,13,26,26,31,1
34,38,21,29,28,13,26,26,31,1
33,41,21,29,29,13,26,26,31,1
32,39,21,30,29,13,26,26,31,1
33,39,21,31,28,14,26,26,31,1
35,37,21,28,27,13,24,27,31,1
34,37,21,31,28,13,24,27,31,1
33,36,21,27,29,13,24,27,31,1
32,36,21,26,29,14,25,27,31,1
34,37,24,30,22,16,25,27,31,1
34,38,24,30,22,16,25,27,31,1
34,35,24,31,22,16,25,27,31,1
33,36,21,28,27,13,27,27,31,1
32,38,20,31,28,13,25,23,32,1
34,37,26,30,26,15,28,23,32,1
33,35,21,29,26,13,25,25,32,1
30,35,22,29,27,13,28,25,32,1
30,35,22,29,27,12,29,25,32,1
35,35,21,30,29,13,24,26,32,1
33,38,21,30,26,13,25,26,32,1
32,37,21,31,29,13,25,26,32,1
33,34,21,32,30,13,25,26,32,1
33,35,24,31,21,16,25,26,32,1
30,36,21,27,27,13,26,26,32,1
32,37,21,29,30,14,26,26,32,1
31,35,21,28,29,13,23,27,32,1
33,36,21,29,25,11,24,27,32,1
34,36,20,28,28,13,24,27,32,1
32,40,21,28,28,13,24,27,32,1
34,35,24,32,22,16,25,27,32,1
34,36,21,28,29,12,27,27,32,1
36,37,21,29,29,12,27,27,32,1
34,36,21,30,29,12,27,27,32,1
33,37,23,31,31,12,25,26,33,1
33,40,21,28,25,13,25,26,33,1
31,34,15,30,27,13,25,26,33,1
32,37,23,31,29,12,26,26,33,1
33,38,21,27,28,13,26,26,33,1
34,35,21,32,27,13,23,27,33,1
31,33,21,31,28,13,23,27,33,1
33,38,21,29,28,13,25,27,33,1
32,37,24,31,23,15,25,27,33,1
33,38,24,31,22,16,25,27,33,1
34,39,20,28,27,13,27,27,33,1
35,39,25,22,25,14,26,23,34,1
32,37,23,30,28,12,17,26,34,1
32,37,23,30,29,12,26,26,34,1
32,37,23,31,29,12,26,26,34,1
33,38,21,27,27,13,26,26,34,1
31,36,15,30,27,13,26,26,34,1
32,36,23,32,30,12,24,25,35,1
32,35,23,32,28,12,25,25,35,1
32,37,23,30,26,12,26,25,35,1
31,36,23,30,29,12,24,26,35,1
32,37,23,30,29,12,24,26,35,1
32,37,23,31,30,12,24,26,35,1
32,36,23,32,30,12,24,26,35,1
32,37,23,32,30,12,24,26,35,1
32,37,23,29,29,12,25,26,35,1
33,37,23,30,29,12,25,26,35,1
34,36,22,32,29,12,25,26,35,1
32,35,23,32,29,12,25,26,35,1
32,36,23,32,29,12,25,26,35,1
32,37,23,32,29,12,25,26,35,1
33,37,23,32,29,12,25,26,35,1
32,36,24,32,29,12,25,26,35,1
31,39,23,31,30,12,25,26,35,1
32,37,23,32,30,12,25,26,35,1
32,38,23,32,30,12,25,26,35,1
32,36,24,32,30,12,25,26,35,1
33,37,23,33,30,12,25,26,35,1
32,35,23,30,29,10,26,26,35,1
32,37,23,31,25,12,26,26,35,1
32,36,24,28,29,12,26,26,35,1
32,37,23,31,29,12,26,26,35,1
32,38,23,31,29,12,26,26,35,1
32,32,23,33,29,12,26,26,35,1
32,36,23,30,30,12,26,26,35,1
31,37,23,30,30,12,26,26,35,1
32,37,23,30,29,12,27,26,35,1
32,37,23,30,28,12,26,27,35,1
38,34,21,31,27,14,24,28,35,1
32,36,23,31,30,12,19,26,36,1
32,36,23,31,30,12,24,26,36,1
32,37,23,32,30,12,24,26,36,1
32,38,23,32,30,12,24,26,36,1
32,36,23,31,30,12,25,26,36,1
31,37,23,32,30,12,25,26,36,1
32,37,24,32,30,12,25,26,36,1
32,36,23,33,30,12,25,26,36,1
33,37,23,33,30,12,25,26,36,1
31,36,23,32,31,12,25,26,36,1
31,37,23,31,29,12,26,26,36,1
32,37,22,31,30,12,26,26,36,1
32,38,23,30,30,13,26,26,36,1
33,36,23,30,30,12,23,27,36,1
32,37,23,32,31,12,25,25,37,1
32,37,23,33,31,12,25,25,37,1
32,36,23,30,29,12,17,26,37,1
32,39,23,32,30,12,25,26,37,1
33,35,22,27,26,13,25,25,27,2
34,36,22,30,27,13,27,25,28,2
35,33,22,28,27,13,28,25,28,2
35,34,22,28,27,13,28,25,28,2
33,35,22,29,26,13,30,25,28,2
33,36,21,28,27,12,23,25,31,2
30,33,22,29,27,13,28,25,31,2
34,35,21,32,27,13,23,27,32,2
32,36,23,31,30,12,24,26,33,2
33,37,23,32,30,12,25,26,35,2
32,36,23,30,29,12,26,26,35,2
32,37,23,30,29,12,26,26,35,2
32,37,23,32,29,12,26,26,35,2
32,35,23,32,31,12,27,26,35,2
32,37,23,30,29,12,26,26,36,3
